{"songName":"Sorry For Party Rocking","songSubName":"LMFAO","authorName":"Finalizer","contributors":[],"beatsPerMinute":134,"previewStartTime":0,"previewDuration":20,"coverImagePath":"cover.jpg","environmentName":"NiceEnvironment","oneSaber":false,"customEnvironment":"","customEnvironmentHash":"","difficultyLevels":[{"difficulty":"ExpertPlus","difficultyRank":5,"audioPath":"Sorry For Party Rocking.ogg","jsonPath":"ExpertPlus.json","offset":0,"oldOffset":0,"chromaToggle":"Off","customColors":false,"characteristic":"Standard","difficultyLabel":""}]}